tollgate_id,time_window,direction,volume,model0,model1,model2,model3,model4,model5,model6,model7,type0,type1,has_etc1,time_start,month,weekday,time,hour,date
1,"[2016-10-02 00:00:00,2016-10-02 00:20:00)",0,0,1,1,1,1,1,1,1,1,1,1,1,2016-10-01 23:40:00,10,6,0,0,2
1,"[2016-10-02 23:20:00,2016-10-02 23:40:00)",0,0,1,1,1,1,1,1,1,1,1,1,1,2016-10-02 23:00:00,10,6,70,23,2
1,"[2016-10-09 00:00:00,2016-10-09 00:20:00)",0,0,1,1,1,1,1,1,1,1,1,1,1,2016-10-08 23:40:00,10,4,0,0,9
1,"[2016-10-09 23:20:00,2016-10-09 23:40:00)",0,0,1,1,1,1,1,1,1,1,1,1,1,2016-10-09 23:00:00,10,4,70,23,9
1,"[2016-10-01 01:20:00,2016-10-01 01:40:00)",1,0,1,1,1,1,1,1,1,1,1,1,1,2016-10-01 01:00:00,10,5,4,1,1
1,"[2016-10-01 02:00:00,2016-10-01 02:20:00)",1,0,1,1,1,1,1,1,1,1,1,1,1,2016-10-01 01:40:00,10,5,6,2,1
1,"[2016-10-02 22:20:00,2016-10-02 22:40:00)",1,0,1,1,1,1,1,1,1,1,1,1,1,2016-10-02 22:00:00,10,6,67,22,2
1,"[2016-10-07 01:20:00,2016-10-07 01:40:00)",1,0,1,1,1,1,1,1,1,1,1,1,1,2016-10-07 01:00:00,10,4,4,1,7
2,"[2016-09-19 01:00:00,2016-09-19 01:20:00)",0,0,1,1,1,1,1,1,1,1,1,1,1,2016-09-19 00:20:00,9,0,3,1,19
2,"[2016-09-19 01:00:00,2016-09-19 01:20:00)",0,0,1,1,1,1,1,1,1,1,1,1,1,2016-09-19 00:40:00,9,0,3,1,19
2,"[2016-09-19 01:40:00,2016-09-19 02:00:00)",0,0,1,1,1,1,1,1,1,1,1,1,1,2016-09-19 01:20:00,9,0,5,1,19
2,"[2016-09-19 05:00:00,2016-09-19 05:20:00)",0,0,1,1,1,1,1,1,1,1,1,1,1,2016-09-19 02:00:00,9,0,15,5,19
2,"[2016-09-19 05:00:00,2016-09-19 05:20:00)",0,0,1,1,1,1,1,1,1,1,1,1,1,2016-09-19 02:20:00,9,0,15,5,19
2,"[2016-09-19 05:00:00,2016-09-19 05:20:00)",0,0,1,1,1,1,1,1,1,1,1,1,1,2016-09-19 02:40:00,9,0,15,5,19
2,"[2016-09-19 05:00:00,2016-09-19 05:20:00)",0,0,1,1,1,1,1,1,1,1,1,1,1,2016-09-19 03:00:00,9,0,15,5,19
2,"[2016-09-19 05:00:00,2016-09-19 05:20:00)",0,0,1,1,1,1,1,1,1,1,1,1,1,2016-09-19 03:20:00,9,0,15,5,19
2,"[2016-09-19 05:00:00,2016-09-19 05:20:00)",0,0,1,1,1,1,1,1,1,1,1,1,1,2016-09-19 03:40:00,9,0,15,5,19
2,"[2016-09-19 05:00:00,2016-09-19 05:20:00)",0,0,1,1,1,1,1,1,1,1,1,1,1,2016-09-19 04:00:00,9,0,15,5,19
2,"[2016-09-19 05:00:00,2016-09-19 05:20:00)",0,0,1,1,1,1,1,1,1,1,1,1,1,2016-09-19 04:20:00,9,0,15,5,19
2,"[2016-09-19 05:00:00,2016-09-19 05:20:00)",0,0,1,1,1,1,1,1,1,1,1,1,1,2016-09-19 04:40:00,9,0,15,5,19
2,"[2016-09-20 00:20:00,2016-09-20 00:40:00)",0,0,1,1,1,1,1,1,1,1,1,1,1,2016-09-20 00:00:00,9,1,1,0,20
2,"[2016-09-20 01:20:00,2016-09-20 01:40:00)",0,0,1,1,1,1,1,1,1,1,1,1,1,2016-09-20 01:00:00,9,1,4,1,20
2,"[2016-09-20 05:00:00,2016-09-20 05:20:00)",0,0,1,1,1,1,1,1,1,1,1,1,1,2016-09-20 01:40:00,9,1,15,5,20
2,"[2016-09-20 05:00:00,2016-09-20 05:20:00)",0,0,1,1,1,1,1,1,1,1,1,1,1,2016-09-20 02:00:00,9,1,15,5,20
2,"[2016-09-20 05:00:00,2016-09-20 05:20:00)",0,0,1,1,1,1,1,1,1,1,1,1,1,2016-09-20 02:20:00,9,1,15,5,20
2,"[2016-09-20 05:00:00,2016-09-20 05:20:00)",0,0,1,1,1,1,1,1,1,1,1,1,1,2016-09-20 02:40:00,9,1,15,5,20
2,"[2016-09-20 05:00:00,2016-09-20 05:20:00)",0,0,1,1,1,1,1,1,1,1,1,1,1,2016-09-20 03:00:00,9,1,15,5,20
2,"[2016-09-20 05:00:00,2016-09-20 05:20:00)",0,0,1,1,1,1,1,1,1,1,1,1,1,2016-09-20 03:20:00,9,1,15,5,20
2,"[2016-09-20 05:00:00,2016-09-20 05:20:00)",0,0,1,1,1,1,1,1,1,1,1,1,1,2016-09-20 03:40:00,9,1,15,5,20
2,"[2016-09-20 05:00:00,2016-09-20 05:20:00)",0,0,1,1,1,1,1,1,1,1,1,1,1,2016-09-20 04:00:00,9,1,15,5,20
2,"[2016-09-20 05:00:00,2016-09-20 05:20:00)",0,0,1,1,1,1,1,1,1,1,1,1,1,2016-09-20 04:20:00,9,1,15,5,20
2,"[2016-09-20 05:00:00,2016-09-20 05:20:00)",0,0,1,1,1,1,1,1,1,1,1,1,1,2016-09-20 04:40:00,9,1,15,5,20
2,"[2016-09-20 23:00:00,2016-09-20 23:20:00)",0,0,1,1,1,1,1,1,1,1,1,1,1,2016-09-20 22:40:00,9,1,69,23,20
2,"[2016-09-21 01:20:00,2016-09-21 01:40:00)",0,0,1,1,1,1,1,1,1,1,1,1,1,2016-09-21 01:00:00,9,2,4,1,21
2,"[2016-09-21 05:00:00,2016-09-21 05:20:00)",0,0,1,1,1,1,1,1,1,1,1,1,1,2016-09-21 02:00:00,9,2,15,5,21
2,"[2016-09-21 05:00:00,2016-09-21 05:20:00)",0,0,1,1,1,1,1,1,1,1,1,1,1,2016-09-21 02:20:00,9,2,15,5,21
2,"[2016-09-21 05:00:00,2016-09-21 05:20:00)",0,0,1,1,1,1,1,1,1,1,1,1,1,2016-09-21 02:40:00,9,2,15,5,21
2,"[2016-09-21 05:00:00,2016-09-21 05:20:00)",0,0,1,1,1,1,1,1,1,1,1,1,1,2016-09-21 03:00:00,9,2,15,5,21
2,"[2016-09-21 05:00:00,2016-09-21 05:20:00)",0,0,1,1,1,1,1,1,1,1,1,1,1,2016-09-21 03:20:00,9,2,15,5,21
2,"[2016-09-21 05:00:00,2016-09-21 05:20:00)",0,0,1,1,1,1,1,1,1,1,1,1,1,2016-09-21 03:40:00,9,2,15,5,21
2,"[2016-09-21 05:00:00,2016-09-21 05:20:00)",0,0,1,1,1,1,1,1,1,1,1,1,1,2016-09-21 04:00:00,9,2,15,5,21
2,"[2016-09-21 05:00:00,2016-09-21 05:20:00)",0,0,1,1,1,1,1,1,1,1,1,1,1,2016-09-21 04:20:00,9,2,15,5,21
2,"[2016-09-21 05:00:00,2016-09-21 05:20:00)",0,0,1,1,1,1,1,1,1,1,1,1,1,2016-09-21 04:40:00,9,2,15,5,21
2,"[2016-09-22 05:00:00,2016-09-22 05:20:00)",0,0,1,1,1,1,1,1,1,1,1,1,1,2016-09-22 00:40:00,9,3,15,5,22
2,"[2016-09-22 05:00:00,2016-09-22 05:20:00)",0,0,1,1,1,1,1,1,1,1,1,1,1,2016-09-22 01:00:00,9,3,15,5,22
2,"[2016-09-22 05:00:00,2016-09-22 05:20:00)",0,0,1,1,1,1,1,1,1,1,1,1,1,2016-09-22 01:20:00,9,3,15,5,22
2,"[2016-09-22 05:00:00,2016-09-22 05:20:00)",0,0,1,1,1,1,1,1,1,1,1,1,1,2016-09-22 01:40:00,9,3,15,5,22
2,"[2016-09-22 05:00:00,2016-09-22 05:20:00)",0,0,1,1,1,1,1,1,1,1,1,1,1,2016-09-22 02:00:00,9,3,15,5,22
2,"[2016-09-22 05:00:00,2016-09-22 05:20:00)",0,0,1,1,1,1,1,1,1,1,1,1,1,2016-09-22 02:20:00,9,3,15,5,22
2,"[2016-09-22 05:00:00,2016-09-22 05:20:00)",0,0,1,1,1,1,1,1,1,1,1,1,1,2016-09-22 02:40:00,9,3,15,5,22
2,"[2016-09-22 05:00:00,2016-09-22 05:20:00)",0,0,1,1,1,1,1,1,1,1,1,1,1,2016-09-22 03:00:00,9,3,15,5,22
2,"[2016-09-22 05:00:00,2016-09-22 05:20:00)",0,0,1,1,1,1,1,1,1,1,1,1,1,2016-09-22 03:20:00,9,3,15,5,22
2,"[2016-09-22 05:00:00,2016-09-22 05:20:00)",0,0,1,1,1,1,1,1,1,1,1,1,1,2016-09-22 03:40:00,9,3,15,5,22
2,"[2016-09-22 05:00:00,2016-09-22 05:20:00)",0,0,1,1,1,1,1,1,1,1,1,1,1,2016-09-22 04:00:00,9,3,15,5,22
2,"[2016-09-22 05:00:00,2016-09-22 05:20:00)",0,0,1,1,1,1,1,1,1,1,1,1,1,2016-09-22 04:20:00,9,3,15,5,22
2,"[2016-09-22 05:00:00,2016-09-22 05:20:00)",0,0,1,1,1,1,1,1,1,1,1,1,1,2016-09-22 04:40:00,9,3,15,5,22
2,"[2016-09-23 00:20:00,2016-09-23 00:40:00)",0,0,1,1,1,1,1,1,1,1,1,1,1,2016-09-23 00:00:00,9,4,1,0,23
2,"[2016-09-23 01:20:00,2016-09-23 01:40:00)",0,0,1,1,1,1,1,1,1,1,1,1,1,2016-09-23 01:00:00,9,4,4,1,23
2,"[2016-09-23 04:40:00,2016-09-23 05:00:00)",0,0,1,1,1,1,1,1,1,1,1,1,1,2016-09-23 01:40:00,9,4,14,4,23
2,"[2016-09-23 04:40:00,2016-09-23 05:00:00)",0,0,1,1,1,1,1,1,1,1,1,1,1,2016-09-23 02:00:00,9,4,14,4,23
2,"[2016-09-23 04:40:00,2016-09-23 05:00:00)",0,0,1,1,1,1,1,1,1,1,1,1,1,2016-09-23 02:20:00,9,4,14,4,23
2,"[2016-09-23 04:40:00,2016-09-23 05:00:00)",0,0,1,1,1,1,1,1,1,1,1,1,1,2016-09-23 02:40:00,9,4,14,4,23
2,"[2016-09-23 04:40:00,2016-09-23 05:00:00)",0,0,1,1,1,1,1,1,1,1,1,1,1,2016-09-23 03:00:00,9,4,14,4,23
2,"[2016-09-23 04:40:00,2016-09-23 05:00:00)",0,0,1,1,1,1,1,1,1,1,1,1,1,2016-09-23 03:20:00,9,4,14,4,23
2,"[2016-09-23 04:40:00,2016-09-23 05:00:00)",0,0,1,1,1,1,1,1,1,1,1,1,1,2016-09-23 03:40:00,9,4,14,4,23
2,"[2016-09-23 04:40:00,2016-09-23 05:00:00)",0,0,1,1,1,1,1,1,1,1,1,1,1,2016-09-23 04:00:00,9,4,14,4,23
2,"[2016-09-23 04:40:00,2016-09-23 05:00:00)",0,0,1,1,1,1,1,1,1,1,1,1,1,2016-09-23 04:20:00,9,4,14,4,23
2,"[2016-09-24 01:40:00,2016-09-24 02:00:00)",0,0,1,1,1,1,1,1,1,1,1,1,1,2016-09-24 01:20:00,9,5,5,1,24
2,"[2016-09-24 04:40:00,2016-09-24 05:00:00)",0,0,1,1,1,1,1,1,1,1,1,1,1,2016-09-24 02:00:00,9,5,14,4,24
2,"[2016-09-24 04:40:00,2016-09-24 05:00:00)",0,0,1,1,1,1,1,1,1,1,1,1,1,2016-09-24 02:20:00,9,5,14,4,24
2,"[2016-09-24 04:40:00,2016-09-24 05:00:00)",0,0,1,1,1,1,1,1,1,1,1,1,1,2016-09-24 02:40:00,9,5,14,4,24
2,"[2016-09-24 04:40:00,2016-09-24 05:00:00)",0,0,1,1,1,1,1,1,1,1,1,1,1,2016-09-24 03:00:00,9,5,14,4,24
2,"[2016-09-24 04:40:00,2016-09-24 05:00:00)",0,0,1,1,1,1,1,1,1,1,1,1,1,2016-09-24 03:20:00,9,5,14,4,24
2,"[2016-09-24 04:40:00,2016-09-24 05:00:00)",0,0,1,1,1,1,1,1,1,1,1,1,1,2016-09-24 03:40:00,9,5,14,4,24
2,"[2016-09-24 04:40:00,2016-09-24 05:00:00)",0,0,1,1,1,1,1,1,1,1,1,1,1,2016-09-24 04:00:00,9,5,14,4,24
2,"[2016-09-24 04:40:00,2016-09-24 05:00:00)",0,0,1,1,1,1,1,1,1,1,1,1,1,2016-09-24 04:20:00,9,5,14,4,24
2,"[2016-09-24 18:40:00,2016-09-24 19:00:00)",0,0,1,1,1,1,1,1,1,1,1,1,1,2016-09-24 18:20:00,9,5,56,18,24
2,"[2016-09-24 19:20:00,2016-09-24 19:40:00)",0,0,1,1,1,1,1,1,1,1,1,1,1,2016-09-24 19:00:00,9,5,58,19,24
2,"[2016-09-25 00:40:00,2016-09-25 01:00:00)",0,0,1,1,1,1,1,1,1,1,1,1,1,2016-09-25 00:20:00,9,6,2,0,25
2,"[2016-09-25 01:20:00,2016-09-25 01:40:00)",0,0,1,1,1,1,1,1,1,1,1,1,1,2016-09-25 01:00:00,9,6,4,1,25
2,"[2016-09-25 05:00:00,2016-09-25 05:20:00)",0,0,1,1,1,1,1,1,1,1,1,1,1,2016-09-25 02:00:00,9,6,15,5,25
2,"[2016-09-25 05:00:00,2016-09-25 05:20:00)",0,0,1,1,1,1,1,1,1,1,1,1,1,2016-09-25 02:20:00,9,6,15,5,25
2,"[2016-09-25 05:00:00,2016-09-25 05:20:00)",0,0,1,1,1,1,1,1,1,1,1,1,1,2016-09-25 02:40:00,9,6,15,5,25
2,"[2016-09-25 05:00:00,2016-09-25 05:20:00)",0,0,1,1,1,1,1,1,1,1,1,1,1,2016-09-25 03:00:00,9,6,15,5,25
2,"[2016-09-25 05:00:00,2016-09-25 05:20:00)",0,0,1,1,1,1,1,1,1,1,1,1,1,2016-09-25 03:20:00,9,6,15,5,25
2,"[2016-09-25 05:00:00,2016-09-25 05:20:00)",0,0,1,1,1,1,1,1,1,1,1,1,1,2016-09-25 03:40:00,9,6,15,5,25
2,"[2016-09-25 05:00:00,2016-09-25 05:20:00)",0,0,1,1,1,1,1,1,1,1,1,1,1,2016-09-25 04:00:00,9,6,15,5,25
2,"[2016-09-25 05:00:00,2016-09-25 05:20:00)",0,0,1,1,1,1,1,1,1,1,1,1,1,2016-09-25 04:20:00,9,6,15,5,25
2,"[2016-09-25 05:00:00,2016-09-25 05:20:00)",0,0,1,1,1,1,1,1,1,1,1,1,1,2016-09-25 04:40:00,9,6,15,5,25
2,"[2016-09-26 00:20:00,2016-09-26 00:40:00)",0,0,1,1,1,1,1,1,1,1,1,1,1,2016-09-26 00:00:00,9,0,1,0,26
2,"[2016-09-26 01:20:00,2016-09-26 01:40:00)",0,0,1,1,1,1,1,1,1,1,1,1,1,2016-09-26 00:40:00,9,0,4,1,26
2,"[2016-09-26 01:20:00,2016-09-26 01:40:00)",0,0,1,1,1,1,1,1,1,1,1,1,1,2016-09-26 01:00:00,9,0,4,1,26
2,"[2016-09-26 05:00:00,2016-09-26 05:20:00)",0,0,1,1,1,1,1,1,1,1,1,1,1,2016-09-26 01:40:00,9,0,15,5,26
2,"[2016-09-26 05:00:00,2016-09-26 05:20:00)",0,0,1,1,1,1,1,1,1,1,1,1,1,2016-09-26 02:00:00,9,0,15,5,26
2,"[2016-09-26 05:00:00,2016-09-26 05:20:00)",0,0,1,1,1,1,1,1,1,1,1,1,1,2016-09-26 02:20:00,9,0,15,5,26
2,"[2016-09-26 05:00:00,2016-09-26 05:20:00)",0,0,1,1,1,1,1,1,1,1,1,1,1,2016-09-26 02:40:00,9,0,15,5,26
2,"[2016-09-26 05:00:00,2016-09-26 05:20:00)",0,0,1,1,1,1,1,1,1,1,1,1,1,2016-09-26 03:00:00,9,0,15,5,26
2,"[2016-09-26 05:00:00,2016-09-26 05:20:00)",0,0,1,1,1,1,1,1,1,1,1,1,1,2016-09-26 03:20:00,9,0,15,5,26
2,"[2016-09-26 05:00:00,2016-09-26 05:20:00)",0,0,1,1,1,1,1,1,1,1,1,1,1,2016-09-26 03:40:00,9,0,15,5,26
2,"[2016-09-26 05:00:00,2016-09-26 05:20:00)",0,0,1,1,1,1,1,1,1,1,1,1,1,2016-09-26 04:00:00,9,0,15,5,26
2,"[2016-09-26 05:00:00,2016-09-26 05:20:00)",0,0,1,1,1,1,1,1,1,1,1,1,1,2016-09-26 04:20:00,9,0,15,5,26
2,"[2016-09-26 05:00:00,2016-09-26 05:20:00)",0,0,1,1,1,1,1,1,1,1,1,1,1,2016-09-26 04:40:00,9,0,15,5,26
2,"[2016-09-27 05:00:00,2016-09-27 05:20:00)",0,0,1,1,1,1,1,1,1,1,1,1,1,2016-09-27 02:00:00,9,1,15,5,27
2,"[2016-09-27 05:00:00,2016-09-27 05:20:00)",0,0,1,1,1,1,1,1,1,1,1,1,1,2016-09-27 02:20:00,9,1,15,5,27
2,"[2016-09-27 05:00:00,2016-09-27 05:20:00)",0,0,1,1,1,1,1,1,1,1,1,1,1,2016-09-27 02:40:00,9,1,15,5,27
2,"[2016-09-27 05:00:00,2016-09-27 05:20:00)",0,0,1,1,1,1,1,1,1,1,1,1,1,2016-09-27 03:00:00,9,1,15,5,27
2,"[2016-09-27 05:00:00,2016-09-27 05:20:00)",0,0,1,1,1,1,1,1,1,1,1,1,1,2016-09-27 03:20:00,9,1,15,5,27
2,"[2016-09-27 05:00:00,2016-09-27 05:20:00)",0,0,1,1,1,1,1,1,1,1,1,1,1,2016-09-27 03:40:00,9,1,15,5,27
2,"[2016-09-27 05:00:00,2016-09-27 05:20:00)",0,0,1,1,1,1,1,1,1,1,1,1,1,2016-09-27 04:00:00,9,1,15,5,27
2,"[2016-09-27 05:00:00,2016-09-27 05:20:00)",0,0,1,1,1,1,1,1,1,1,1,1,1,2016-09-27 04:20:00,9,1,15,5,27
2,"[2016-09-27 05:00:00,2016-09-27 05:20:00)",0,0,1,1,1,1,1,1,1,1,1,1,1,2016-09-27 04:40:00,9,1,15,5,27
2,"[2016-09-28 00:00:00,2016-09-28 00:20:00)",0,0,1,1,1,1,1,1,1,1,1,1,1,2016-09-27 23:40:00,9,2,0,0,28
2,"[2016-09-28 05:00:00,2016-09-28 05:20:00)",0,0,1,1,1,1,1,1,1,1,1,1,1,2016-09-28 02:00:00,9,2,15,5,28
2,"[2016-09-28 05:00:00,2016-09-28 05:20:00)",0,0,1,1,1,1,1,1,1,1,1,1,1,2016-09-28 02:20:00,9,2,15,5,28
2,"[2016-09-28 05:00:00,2016-09-28 05:20:00)",0,0,1,1,1,1,1,1,1,1,1,1,1,2016-09-28 02:40:00,9,2,15,5,28
2,"[2016-09-28 05:00:00,2016-09-28 05:20:00)",0,0,1,1,1,1,1,1,1,1,1,1,1,2016-09-28 03:00:00,9,2,15,5,28
2,"[2016-09-28 05:00:00,2016-09-28 05:20:00)",0,0,1,1,1,1,1,1,1,1,1,1,1,2016-09-28 03:20:00,9,2,15,5,28
2,"[2016-09-28 05:00:00,2016-09-28 05:20:00)",0,0,1,1,1,1,1,1,1,1,1,1,1,2016-09-28 03:40:00,9,2,15,5,28
2,"[2016-09-28 05:00:00,2016-09-28 05:20:00)",0,0,1,1,1,1,1,1,1,1,1,1,1,2016-09-28 04:00:00,9,2,15,5,28
2,"[2016-09-28 05:00:00,2016-09-28 05:20:00)",0,0,1,1,1,1,1,1,1,1,1,1,1,2016-09-28 04:20:00,9,2,15,5,28
2,"[2016-09-28 05:00:00,2016-09-28 05:20:00)",0,0,1,1,1,1,1,1,1,1,1,1,1,2016-09-28 04:40:00,9,2,15,5,28
2,"[2016-09-29 05:00:00,2016-09-29 05:20:00)",0,0,1,1,1,1,1,1,1,1,1,1,1,2016-09-29 00:40:00,9,3,15,5,29
2,"[2016-09-29 05:00:00,2016-09-29 05:20:00)",0,0,1,1,1,1,1,1,1,1,1,1,1,2016-09-29 01:00:00,9,3,15,5,29
2,"[2016-09-29 05:00:00,2016-09-29 05:20:00)",0,0,1,1,1,1,1,1,1,1,1,1,1,2016-09-29 01:20:00,9,3,15,5,29
2,"[2016-09-29 05:00:00,2016-09-29 05:20:00)",0,0,1,1,1,1,1,1,1,1,1,1,1,2016-09-29 01:40:00,9,3,15,5,29
2,"[2016-09-29 05:00:00,2016-09-29 05:20:00)",0,0,1,1,1,1,1,1,1,1,1,1,1,2016-09-29 02:00:00,9,3,15,5,29
2,"[2016-09-29 05:00:00,2016-09-29 05:20:00)",0,0,1,1,1,1,1,1,1,1,1,1,1,2016-09-29 02:20:00,9,3,15,5,29
2,"[2016-09-29 05:00:00,2016-09-29 05:20:00)",0,0,1,1,1,1,1,1,1,1,1,1,1,2016-09-29 02:40:00,9,3,15,5,29
2,"[2016-09-29 05:00:00,2016-09-29 05:20:00)",0,0,1,1,1,1,1,1,1,1,1,1,1,2016-09-29 03:00:00,9,3,15,5,29
2,"[2016-09-29 05:00:00,2016-09-29 05:20:00)",0,0,1,1,1,1,1,1,1,1,1,1,1,2016-09-29 03:20:00,9,3,15,5,29
2,"[2016-09-29 05:00:00,2016-09-29 05:20:00)",0,0,1,1,1,1,1,1,1,1,1,1,1,2016-09-29 03:40:00,9,3,15,5,29
2,"[2016-09-29 05:00:00,2016-09-29 05:20:00)",0,0,1,1,1,1,1,1,1,1,1,1,1,2016-09-29 04:00:00,9,3,15,5,29
2,"[2016-09-29 05:00:00,2016-09-29 05:20:00)",0,0,1,1,1,1,1,1,1,1,1,1,1,2016-09-29 04:20:00,9,3,15,5,29
2,"[2016-09-29 05:00:00,2016-09-29 05:20:00)",0,0,1,1,1,1,1,1,1,1,1,1,1,2016-09-29 04:40:00,9,3,15,5,29
2,"[2016-09-30 05:00:00,2016-09-30 05:20:00)",0,0,1,1,1,1,1,1,1,1,1,1,1,2016-09-30 01:40:00,9,4,15,5,30
2,"[2016-09-30 05:00:00,2016-09-30 05:20:00)",0,0,1,1,1,1,1,1,1,1,1,1,1,2016-09-30 02:00:00,9,4,15,5,30
2,"[2016-09-30 05:00:00,2016-09-30 05:20:00)",0,0,1,1,1,1,1,1,1,1,1,1,1,2016-09-30 02:20:00,9,4,15,5,30
2,"[2016-09-30 05:00:00,2016-09-30 05:20:00)",0,0,1,1,1,1,1,1,1,1,1,1,1,2016-09-30 02:40:00,9,4,15,5,30
2,"[2016-09-30 05:00:00,2016-09-30 05:20:00)",0,0,1,1,1,1,1,1,1,1,1,1,1,2016-09-30 03:00:00,9,4,15,5,30
2,"[2016-09-30 05:00:00,2016-09-30 05:20:00)",0,0,1,1,1,1,1,1,1,1,1,1,1,2016-09-30 03:20:00,9,4,15,5,30
2,"[2016-09-30 05:00:00,2016-09-30 05:20:00)",0,0,1,1,1,1,1,1,1,1,1,1,1,2016-09-30 03:40:00,9,4,15,5,30
2,"[2016-09-30 05:00:00,2016-09-30 05:20:00)",0,0,1,1,1,1,1,1,1,1,1,1,1,2016-09-30 04:00:00,9,4,15,5,30
2,"[2016-09-30 05:00:00,2016-09-30 05:20:00)",0,0,1,1,1,1,1,1,1,1,1,1,1,2016-09-30 04:20:00,9,4,15,5,30
2,"[2016-09-30 05:00:00,2016-09-30 05:20:00)",0,0,1,1,1,1,1,1,1,1,1,1,1,2016-09-30 04:40:00,9,4,15,5,30
2,"[2016-10-01 01:20:00,2016-10-01 01:40:00)",0,0,1,1,1,1,1,1,1,1,1,1,1,2016-10-01 01:00:00,10,5,4,1,1
2,"[2016-10-01 02:40:00,2016-10-01 03:00:00)",0,0,1,1,1,1,1,1,1,1,1,1,1,2016-10-01 02:00:00,10,5,8,2,1
2,"[2016-10-01 02:40:00,2016-10-01 03:00:00)",0,0,1,1,1,1,1,1,1,1,1,1,1,2016-10-01 02:20:00,10,5,8,2,1
2,"[2016-10-01 22:40:00,2016-10-01 23:00:00)",0,0,1,1,1,1,1,1,1,1,1,1,1,2016-10-01 22:20:00,10,5,68,22,1
2,"[2016-10-02 08:20:00,2016-10-02 08:40:00)",0,0,1,1,1,1,1,1,1,1,1,1,1,2016-10-02 00:00:00,10,6,25,8,2
2,"[2016-10-02 08:20:00,2016-10-02 08:40:00)",0,0,1,1,1,1,1,1,1,1,1,1,1,2016-10-02 00:20:00,10,6,25,8,2
2,"[2016-10-02 08:20:00,2016-10-02 08:40:00)",0,0,1,1,1,1,1,1,1,1,1,1,1,2016-10-02 00:40:00,10,6,25,8,2
2,"[2016-10-02 08:20:00,2016-10-02 08:40:00)",0,0,1,1,1,1,1,1,1,1,1,1,1,2016-10-02 01:00:00,10,6,25,8,2
2,"[2016-10-02 08:20:00,2016-10-02 08:40:00)",0,0,1,1,1,1,1,1,1,1,1,1,1,2016-10-02 01:20:00,10,6,25,8,2
2,"[2016-10-02 08:20:00,2016-10-02 08:40:00)",0,0,1,1,1,1,1,1,1,1,1,1,1,2016-10-02 01:40:00,10,6,25,8,2
2,"[2016-10-02 08:20:00,2016-10-02 08:40:00)",0,0,1,1,1,1,1,1,1,1,1,1,1,2016-10-02 02:00:00,10,6,25,8,2
2,"[2016-10-02 08:20:00,2016-10-02 08:40:00)",0,0,1,1,1,1,1,1,1,1,1,1,1,2016-10-02 02:20:00,10,6,25,8,2
2,"[2016-10-02 08:20:00,2016-10-02 08:40:00)",0,0,1,1,1,1,1,1,1,1,1,1,1,2016-10-02 02:40:00,10,6,25,8,2
2,"[2016-10-02 08:20:00,2016-10-02 08:40:00)",0,0,1,1,1,1,1,1,1,1,1,1,1,2016-10-02 03:00:00,10,6,25,8,2
2,"[2016-10-02 08:20:00,2016-10-02 08:40:00)",0,0,1,1,1,1,1,1,1,1,1,1,1,2016-10-02 03:20:00,10,6,25,8,2
2,"[2016-10-02 08:20:00,2016-10-02 08:40:00)",0,0,1,1,1,1,1,1,1,1,1,1,1,2016-10-02 03:40:00,10,6,25,8,2
2,"[2016-10-02 08:20:00,2016-10-02 08:40:00)",0,0,1,1,1,1,1,1,1,1,1,1,1,2016-10-02 04:00:00,10,6,25,8,2
2,"[2016-10-02 08:20:00,2016-10-02 08:40:00)",0,0,1,1,1,1,1,1,1,1,1,1,1,2016-10-02 04:20:00,10,6,25,8,2
2,"[2016-10-02 08:20:00,2016-10-02 08:40:00)",0,0,1,1,1,1,1,1,1,1,1,1,1,2016-10-02 04:40:00,10,6,25,8,2
2,"[2016-10-02 08:20:00,2016-10-02 08:40:00)",0,0,1,1,1,1,1,1,1,1,1,1,1,2016-10-02 05:00:00,10,6,25,8,2
2,"[2016-10-02 08:20:00,2016-10-02 08:40:00)",0,0,1,1,1,1,1,1,1,1,1,1,1,2016-10-02 05:20:00,10,6,25,8,2
2,"[2016-10-02 08:20:00,2016-10-02 08:40:00)",0,0,1,1,1,1,1,1,1,1,1,1,1,2016-10-02 05:40:00,10,6,25,8,2
2,"[2016-10-02 08:20:00,2016-10-02 08:40:00)",0,0,1,1,1,1,1,1,1,1,1,1,1,2016-10-02 06:00:00,10,6,25,8,2
2,"[2016-10-02 08:20:00,2016-10-02 08:40:00)",0,0,1,1,1,1,1,1,1,1,1,1,1,2016-10-02 06:20:00,10,6,25,8,2
2,"[2016-10-02 08:20:00,2016-10-02 08:40:00)",0,0,1,1,1,1,1,1,1,1,1,1,1,2016-10-02 06:40:00,10,6,25,8,2
2,"[2016-10-02 08:20:00,2016-10-02 08:40:00)",0,0,1,1,1,1,1,1,1,1,1,1,1,2016-10-02 07:00:00,10,6,25,8,2
2,"[2016-10-02 08:20:00,2016-10-02 08:40:00)",0,0,1,1,1,1,1,1,1,1,1,1,1,2016-10-02 07:20:00,10,6,25,8,2
2,"[2016-10-02 08:20:00,2016-10-02 08:40:00)",0,0,1,1,1,1,1,1,1,1,1,1,1,2016-10-02 07:40:00,10,6,25,8,2
2,"[2016-10-02 08:20:00,2016-10-02 08:40:00)",0,0,1,1,1,1,1,1,1,1,1,1,1,2016-10-02 08:00:00,10,6,25,8,2
2,"[2016-10-02 10:40:00,2016-10-02 11:00:00)",0,0,1,1,1,1,1,1,1,1,1,1,1,2016-10-02 10:00:00,10,6,32,10,2
2,"[2016-10-02 10:40:00,2016-10-02 11:00:00)",0,0,1,1,1,1,1,1,1,1,1,1,1,2016-10-02 10:20:00,10,6,32,10,2
2,"[2016-10-03 00:20:00,2016-10-03 00:40:00)",0,0,1,1,1,1,1,1,1,1,1,1,1,2016-10-02 22:40:00,10,0,1,0,3
2,"[2016-10-03 00:20:00,2016-10-03 00:40:00)",0,0,1,1,1,1,1,1,1,1,1,1,1,2016-10-02 23:00:00,10,0,1,0,3
2,"[2016-10-03 00:20:00,2016-10-03 00:40:00)",0,0,1,1,1,1,1,1,1,1,1,1,1,2016-10-02 23:20:00,10,0,1,0,3
2,"[2016-10-03 00:20:00,2016-10-03 00:40:00)",0,0,1,1,1,1,1,1,1,1,1,1,1,2016-10-02 23:40:00,10,0,1,0,3
2,"[2016-10-03 00:20:00,2016-10-03 00:40:00)",0,0,1,1,1,1,1,1,1,1,1,1,1,2016-10-03 00:00:00,10,0,1,0,3
2,"[2016-10-03 05:20:00,2016-10-03 05:40:00)",0,0,1,1,1,1,1,1,1,1,1,1,1,2016-10-03 00:40:00,10,0,16,5,3
2,"[2016-10-03 05:20:00,2016-10-03 05:40:00)",0,0,1,1,1,1,1,1,1,1,1,1,1,2016-10-03 01:00:00,10,0,16,5,3
2,"[2016-10-03 05:20:00,2016-10-03 05:40:00)",0,0,1,1,1,1,1,1,1,1,1,1,1,2016-10-03 01:20:00,10,0,16,5,3
2,"[2016-10-03 05:20:00,2016-10-03 05:40:00)",0,0,1,1,1,1,1,1,1,1,1,1,1,2016-10-03 01:40:00,10,0,16,5,3
2,"[2016-10-03 05:20:00,2016-10-03 05:40:00)",0,0,1,1,1,1,1,1,1,1,1,1,1,2016-10-03 02:00:00,10,0,16,5,3
2,"[2016-10-03 05:20:00,2016-10-03 05:40:00)",0,0,1,1,1,1,1,1,1,1,1,1,1,2016-10-03 02:20:00,10,0,16,5,3
2,"[2016-10-03 05:20:00,2016-10-03 05:40:00)",0,0,1,1,1,1,1,1,1,1,1,1,1,2016-10-03 02:40:00,10,0,16,5,3
2,"[2016-10-03 05:20:00,2016-10-03 05:40:00)",0,0,1,1,1,1,1,1,1,1,1,1,1,2016-10-03 03:00:00,10,0,16,5,3
2,"[2016-10-03 05:20:00,2016-10-03 05:40:00)",0,0,1,1,1,1,1,1,1,1,1,1,1,2016-10-03 03:20:00,10,0,16,5,3
2,"[2016-10-03 05:20:00,2016-10-03 05:40:00)",0,0,1,1,1,1,1,1,1,1,1,1,1,2016-10-03 03:40:00,10,0,16,5,3
2,"[2016-10-03 05:20:00,2016-10-03 05:40:00)",0,0,1,1,1,1,1,1,1,1,1,1,1,2016-10-03 04:00:00,10,0,16,5,3
2,"[2016-10-03 05:20:00,2016-10-03 05:40:00)",0,0,1,1,1,1,1,1,1,1,1,1,1,2016-10-03 04:20:00,10,0,16,5,3
2,"[2016-10-03 05:20:00,2016-10-03 05:40:00)",0,0,1,1,1,1,1,1,1,1,1,1,1,2016-10-03 04:40:00,10,0,16,5,3
2,"[2016-10-03 05:20:00,2016-10-03 05:40:00)",0,0,1,1,1,1,1,1,1,1,1,1,1,2016-10-03 05:00:00,10,0,16,5,3
2,"[2016-10-03 06:20:00,2016-10-03 06:40:00)",0,0,1,1,1,1,1,1,1,1,1,1,1,2016-10-03 06:00:00,10,0,19,6,3
2,"[2016-10-03 11:20:00,2016-10-03 11:40:00)",0,0,1,1,1,1,1,1,1,1,1,1,1,2016-10-03 09:00:00,10,0,34,11,3
2,"[2016-10-03 11:20:00,2016-10-03 11:40:00)",0,0,1,1,1,1,1,1,1,1,1,1,1,2016-10-03 09:20:00,10,0,34,11,3
2,"[2016-10-03 11:20:00,2016-10-03 11:40:00)",0,0,1,1,1,1,1,1,1,1,1,1,1,2016-10-03 09:40:00,10,0,34,11,3
2,"[2016-10-03 11:20:00,2016-10-03 11:40:00)",0,0,1,1,1,1,1,1,1,1,1,1,1,2016-10-03 10:00:00,10,0,34,11,3
2,"[2016-10-03 11:20:00,2016-10-03 11:40:00)",0,0,1,1,1,1,1,1,1,1,1,1,1,2016-10-03 10:20:00,10,0,34,11,3
2,"[2016-10-03 11:20:00,2016-10-03 11:40:00)",0,0,1,1,1,1,1,1,1,1,1,1,1,2016-10-03 10:40:00,10,0,34,11,3
2,"[2016-10-03 11:20:00,2016-10-03 11:40:00)",0,0,1,1,1,1,1,1,1,1,1,1,1,2016-10-03 11:00:00,10,0,34,11,3
2,"[2016-10-03 22:00:00,2016-10-03 22:20:00)",0,0,1,1,1,1,1,1,1,1,1,1,1,2016-10-03 21:40:00,10,0,66,22,3
2,"[2016-10-03 23:00:00,2016-10-03 23:20:00)",0,0,1,1,1,1,1,1,1,1,1,1,1,2016-10-03 22:20:00,10,0,69,23,3
2,"[2016-10-03 23:00:00,2016-10-03 23:20:00)",0,0,1,1,1,1,1,1,1,1,1,1,1,2016-10-03 22:40:00,10,0,69,23,3
2,"[2016-10-04 01:40:00,2016-10-04 02:00:00)",0,0,1,1,1,1,1,1,1,1,1,1,1,2016-10-04 00:20:00,10,1,5,1,4
2,"[2016-10-04 01:40:00,2016-10-04 02:00:00)",0,0,1,1,1,1,1,1,1,1,1,1,1,2016-10-04 00:40:00,10,1,5,1,4
2,"[2016-10-04 01:40:00,2016-10-04 02:00:00)",0,0,1,1,1,1,1,1,1,1,1,1,1,2016-10-04 01:00:00,10,1,5,1,4
2,"[2016-10-04 01:40:00,2016-10-04 02:00:00)",0,0,1,1,1,1,1,1,1,1,1,1,1,2016-10-04 01:20:00,10,1,5,1,4
2,"[2016-10-04 03:40:00,2016-10-04 04:00:00)",0,0,1,1,1,1,1,1,1,1,1,1,1,2016-10-04 02:00:00,10,1,11,3,4
2,"[2016-10-04 03:40:00,2016-10-04 04:00:00)",0,0,1,1,1,1,1,1,1,1,1,1,1,2016-10-04 02:20:00,10,1,11,3,4
2,"[2016-10-04 03:40:00,2016-10-04 04:00:00)",0,0,1,1,1,1,1,1,1,1,1,1,1,2016-10-04 02:40:00,10,1,11,3,4
2,"[2016-10-04 03:40:00,2016-10-04 04:00:00)",0,0,1,1,1,1,1,1,1,1,1,1,1,2016-10-04 03:00:00,10,1,11,3,4
2,"[2016-10-04 03:40:00,2016-10-04 04:00:00)",0,0,1,1,1,1,1,1,1,1,1,1,1,2016-10-04 03:20:00,10,1,11,3,4
2,"[2016-10-04 05:20:00,2016-10-04 05:40:00)",0,0,1,1,1,1,1,1,1,1,1,1,1,2016-10-04 04:00:00,10,1,16,5,4
2,"[2016-10-04 05:20:00,2016-10-04 05:40:00)",0,0,1,1,1,1,1,1,1,1,1,1,1,2016-10-04 04:20:00,10,1,16,5,4
2,"[2016-10-04 05:20:00,2016-10-04 05:40:00)",0,0,1,1,1,1,1,1,1,1,1,1,1,2016-10-04 04:40:00,10,1,16,5,4
2,"[2016-10-04 05:20:00,2016-10-04 05:40:00)",0,0,1,1,1,1,1,1,1,1,1,1,1,2016-10-04 05:00:00,10,1,16,5,4
2,"[2016-10-04 06:20:00,2016-10-04 06:40:00)",0,0,1,1,1,1,1,1,1,1,1,1,1,2016-10-04 05:40:00,10,1,19,6,4
2,"[2016-10-04 06:20:00,2016-10-04 06:40:00)",0,0,1,1,1,1,1,1,1,1,1,1,1,2016-10-04 06:00:00,10,1,19,6,4
2,"[2016-10-04 22:00:00,2016-10-04 22:20:00)",0,0,1,1,1,1,1,1,1,1,1,1,1,2016-10-04 21:40:00,10,1,66,22,4
2,"[2016-10-05 01:00:00,2016-10-05 01:20:00)",0,0,1,1,1,1,1,1,1,1,1,1,1,2016-10-04 23:20:00,10,2,3,1,5
2,"[2016-10-05 01:00:00,2016-10-05 01:20:00)",0,0,1,1,1,1,1,1,1,1,1,1,1,2016-10-04 23:40:00,10,2,3,1,5
2,"[2016-10-05 01:00:00,2016-10-05 01:20:00)",0,0,1,1,1,1,1,1,1,1,1,1,1,2016-10-05 00:00:00,10,2,3,1,5
2,"[2016-10-05 01:00:00,2016-10-05 01:20:00)",0,0,1,1,1,1,1,1,1,1,1,1,1,2016-10-05 00:20:00,10,2,3,1,5
2,"[2016-10-05 01:00:00,2016-10-05 01:20:00)",0,0,1,1,1,1,1,1,1,1,1,1,1,2016-10-05 00:40:00,10,2,3,1,5
2,"[2016-10-05 04:00:00,2016-10-05 04:20:00)",0,0,1,1,1,1,1,1,1,1,1,1,1,2016-10-05 02:00:00,10,2,12,4,5
2,"[2016-10-05 04:00:00,2016-10-05 04:20:00)",0,0,1,1,1,1,1,1,1,1,1,1,1,2016-10-05 02:20:00,10,2,12,4,5
2,"[2016-10-05 04:00:00,2016-10-05 04:20:00)",0,0,1,1,1,1,1,1,1,1,1,1,1,2016-10-05 02:40:00,10,2,12,4,5
2,"[2016-10-05 04:00:00,2016-10-05 04:20:00)",0,0,1,1,1,1,1,1,1,1,1,1,1,2016-10-05 03:00:00,10,2,12,4,5
2,"[2016-10-05 04:00:00,2016-10-05 04:20:00)",0,0,1,1,1,1,1,1,1,1,1,1,1,2016-10-05 03:20:00,10,2,12,4,5
2,"[2016-10-05 04:00:00,2016-10-05 04:20:00)",0,0,1,1,1,1,1,1,1,1,1,1,1,2016-10-05 03:40:00,10,2,12,4,5
2,"[2016-10-05 06:00:00,2016-10-05 06:20:00)",0,0,1,1,1,1,1,1,1,1,1,1,1,2016-10-05 05:00:00,10,2,18,6,5
2,"[2016-10-05 06:00:00,2016-10-05 06:20:00)",0,0,1,1,1,1,1,1,1,1,1,1,1,2016-10-05 05:20:00,10,2,18,6,5
2,"[2016-10-05 06:00:00,2016-10-05 06:20:00)",0,0,1,1,1,1,1,1,1,1,1,1,1,2016-10-05 05:40:00,10,2,18,6,5
2,"[2016-10-05 07:00:00,2016-10-05 07:20:00)",0,0,1,1,1,1,1,1,1,1,1,1,1,2016-10-05 06:40:00,10,2,21,7,5
2,"[2016-10-05 20:00:00,2016-10-05 20:20:00)",0,0,1,1,1,1,1,1,1,1,1,1,1,2016-10-05 19:20:00,10,2,60,20,5
2,"[2016-10-05 20:00:00,2016-10-05 20:20:00)",0,0,1,1,1,1,1,1,1,1,1,1,1,2016-10-05 19:40:00,10,2,60,20,5
2,"[2016-10-06 01:00:00,2016-10-06 01:20:00)",0,0,1,1,1,1,1,1,1,1,1,1,1,2016-10-05 23:20:00,10,3,3,1,6
2,"[2016-10-06 01:00:00,2016-10-06 01:20:00)",0,0,1,1,1,1,1,1,1,1,1,1,1,2016-10-05 23:40:00,10,3,3,1,6
2,"[2016-10-06 01:00:00,2016-10-06 01:20:00)",0,0,1,1,1,1,1,1,1,1,1,1,1,2016-10-06 00:00:00,10,3,3,1,6
2,"[2016-10-06 01:00:00,2016-10-06 01:20:00)",0,0,1,1,1,1,1,1,1,1,1,1,1,2016-10-06 00:20:00,10,3,3,1,6
2,"[2016-10-06 01:00:00,2016-10-06 01:20:00)",0,0,1,1,1,1,1,1,1,1,1,1,1,2016-10-06 00:40:00,10,3,3,1,6
2,"[2016-10-06 01:40:00,2016-10-06 02:00:00)",0,0,1,1,1,1,1,1,1,1,1,1,1,2016-10-06 01:20:00,10,3,5,1,6
2,"[2016-10-06 05:00:00,2016-10-06 05:20:00)",0,0,1,1,1,1,1,1,1,1,1,1,1,2016-10-06 02:00:00,10,3,15,5,6
2,"[2016-10-06 05:00:00,2016-10-06 05:20:00)",0,0,1,1,1,1,1,1,1,1,1,1,1,2016-10-06 02:20:00,10,3,15,5,6
2,"[2016-10-06 05:00:00,2016-10-06 05:20:00)",0,0,1,1,1,1,1,1,1,1,1,1,1,2016-10-06 02:40:00,10,3,15,5,6
2,"[2016-10-06 05:00:00,2016-10-06 05:20:00)",0,0,1,1,1,1,1,1,1,1,1,1,1,2016-10-06 03:00:00,10,3,15,5,6
2,"[2016-10-06 05:00:00,2016-10-06 05:20:00)",0,0,1,1,1,1,1,1,1,1,1,1,1,2016-10-06 03:20:00,10,3,15,5,6
2,"[2016-10-06 05:00:00,2016-10-06 05:20:00)",0,0,1,1,1,1,1,1,1,1,1,1,1,2016-10-06 03:40:00,10,3,15,5,6
2,"[2016-10-06 05:00:00,2016-10-06 05:20:00)",0,0,1,1,1,1,1,1,1,1,1,1,1,2016-10-06 04:00:00,10,3,15,5,6
2,"[2016-10-06 05:00:00,2016-10-06 05:20:00)",0,0,1,1,1,1,1,1,1,1,1,1,1,2016-10-06 04:20:00,10,3,15,5,6
2,"[2016-10-06 05:00:00,2016-10-06 05:20:00)",0,0,1,1,1,1,1,1,1,1,1,1,1,2016-10-06 04:40:00,10,3,15,5,6
2,"[2016-10-06 06:00:00,2016-10-06 06:20:00)",0,0,1,1,1,1,1,1,1,1,1,1,1,2016-10-06 05:20:00,10,3,18,6,6
2,"[2016-10-06 06:00:00,2016-10-06 06:20:00)",0,0,1,1,1,1,1,1,1,1,1,1,1,2016-10-06 05:40:00,10,3,18,6,6
2,"[2016-10-06 22:00:00,2016-10-06 22:20:00)",0,0,1,1,1,1,1,1,1,1,1,1,1,2016-10-06 21:40:00,10,3,66,22,6
2,"[2016-10-07 05:40:00,2016-10-07 06:00:00)",0,0,1,1,1,1,1,1,1,1,1,1,1,2016-10-06 23:20:00,10,4,17,5,7
2,"[2016-10-07 05:40:00,2016-10-07 06:00:00)",0,0,1,1,1,1,1,1,1,1,1,1,1,2016-10-06 23:40:00,10,4,17,5,7
2,"[2016-10-07 05:40:00,2016-10-07 06:00:00)",0,0,1,1,1,1,1,1,1,1,1,1,1,2016-10-07 00:00:00,10,4,17,5,7
2,"[2016-10-07 05:40:00,2016-10-07 06:00:00)",0,0,1,1,1,1,1,1,1,1,1,1,1,2016-10-07 00:20:00,10,4,17,5,7
2,"[2016-10-07 05:40:00,2016-10-07 06:00:00)",0,0,1,1,1,1,1,1,1,1,1,1,1,2016-10-07 00:40:00,10,4,17,5,7
2,"[2016-10-07 05:40:00,2016-10-07 06:00:00)",0,0,1,1,1,1,1,1,1,1,1,1,1,2016-10-07 01:00:00,10,4,17,5,7
2,"[2016-10-07 05:40:00,2016-10-07 06:00:00)",0,0,1,1,1,1,1,1,1,1,1,1,1,2016-10-07 01:20:00,10,4,17,5,7
2,"[2016-10-07 05:40:00,2016-10-07 06:00:00)",0,0,1,1,1,1,1,1,1,1,1,1,1,2016-10-07 01:40:00,10,4,17,5,7
2,"[2016-10-07 05:40:00,2016-10-07 06:00:00)",0,0,1,1,1,1,1,1,1,1,1,1,1,2016-10-07 02:00:00,10,4,17,5,7
2,"[2016-10-07 05:40:00,2016-10-07 06:00:00)",0,0,1,1,1,1,1,1,1,1,1,1,1,2016-10-07 02:20:00,10,4,17,5,7
2,"[2016-10-07 05:40:00,2016-10-07 06:00:00)",0,0,1,1,1,1,1,1,1,1,1,1,1,2016-10-07 02:40:00,10,4,17,5,7
2,"[2016-10-07 05:40:00,2016-10-07 06:00:00)",0,0,1,1,1,1,1,1,1,1,1,1,1,2016-10-07 03:00:00,10,4,17,5,7
2,"[2016-10-07 05:40:00,2016-10-07 06:00:00)",0,0,1,1,1,1,1,1,1,1,1,1,1,2016-10-07 03:20:00,10,4,17,5,7
2,"[2016-10-07 05:40:00,2016-10-07 06:00:00)",0,0,1,1,1,1,1,1,1,1,1,1,1,2016-10-07 03:40:00,10,4,17,5,7
2,"[2016-10-07 05:40:00,2016-10-07 06:00:00)",0,0,1,1,1,1,1,1,1,1,1,1,1,2016-10-07 04:00:00,10,4,17,5,7
2,"[2016-10-07 05:40:00,2016-10-07 06:00:00)",0,0,1,1,1,1,1,1,1,1,1,1,1,2016-10-07 04:20:00,10,4,17,5,7
2,"[2016-10-07 05:40:00,2016-10-07 06:00:00)",0,0,1,1,1,1,1,1,1,1,1,1,1,2016-10-07 04:40:00,10,4,17,5,7
2,"[2016-10-07 05:40:00,2016-10-07 06:00:00)",0,0,1,1,1,1,1,1,1,1,1,1,1,2016-10-07 05:00:00,10,4,17,5,7
2,"[2016-10-07 05:40:00,2016-10-07 06:00:00)",0,0,1,1,1,1,1,1,1,1,1,1,1,2016-10-07 05:20:00,10,4,17,5,7
2,"[2016-10-08 00:20:00,2016-10-08 00:40:00)",0,0,1,1,1,1,1,1,1,1,1,1,1,2016-10-07 23:40:00,10,3,1,0,8
2,"[2016-10-08 00:20:00,2016-10-08 00:40:00)",0,0,1,1,1,1,1,1,1,1,1,1,1,2016-10-08 00:00:00,10,3,1,0,8
2,"[2016-10-08 01:00:00,2016-10-08 01:20:00)",0,0,1,1,1,1,1,1,1,1,1,1,1,2016-10-08 00:40:00,10,3,3,1,8
2,"[2016-10-08 03:20:00,2016-10-08 03:40:00)",0,0,1,1,1,1,1,1,1,1,1,1,1,2016-10-08 01:20:00,10,3,10,3,8
2,"[2016-10-08 03:20:00,2016-10-08 03:40:00)",0,0,1,1,1,1,1,1,1,1,1,1,1,2016-10-08 01:40:00,10,3,10,3,8
2,"[2016-10-08 03:20:00,2016-10-08 03:40:00)",0,0,1,1,1,1,1,1,1,1,1,1,1,2016-10-08 02:00:00,10,3,10,3,8
2,"[2016-10-08 03:20:00,2016-10-08 03:40:00)",0,0,1,1,1,1,1,1,1,1,1,1,1,2016-10-08 02:20:00,10,3,10,3,8
2,"[2016-10-08 03:20:00,2016-10-08 03:40:00)",0,0,1,1,1,1,1,1,1,1,1,1,1,2016-10-08 02:40:00,10,3,10,3,8
2,"[2016-10-08 03:20:00,2016-10-08 03:40:00)",0,0,1,1,1,1,1,1,1,1,1,1,1,2016-10-08 03:00:00,10,3,10,3,8
2,"[2016-10-08 04:40:00,2016-10-08 05:00:00)",0,0,1,1,1,1,1,1,1,1,1,1,1,2016-10-08 03:40:00,10,3,14,4,8
2,"[2016-10-08 04:40:00,2016-10-08 05:00:00)",0,0,1,1,1,1,1,1,1,1,1,1,1,2016-10-08 04:00:00,10,3,14,4,8
2,"[2016-10-08 04:40:00,2016-10-08 05:00:00)",0,0,1,1,1,1,1,1,1,1,1,1,1,2016-10-08 04:20:00,10,3,14,4,8
2,"[2016-10-09 00:00:00,2016-10-09 00:20:00)",0,0,1,1,1,1,1,1,1,1,1,1,1,2016-10-08 23:40:00,10,4,0,0,9
2,"[2016-10-09 01:40:00,2016-10-09 02:00:00)",0,0,1,1,1,1,1,1,1,1,1,1,1,2016-10-09 01:20:00,10,4,5,1,9
2,"[2016-10-09 04:20:00,2016-10-09 04:40:00)",0,0,1,1,1,1,1,1,1,1,1,1,1,2016-10-09 02:20:00,10,4,13,4,9
2,"[2016-10-09 04:20:00,2016-10-09 04:40:00)",0,0,1,1,1,1,1,1,1,1,1,1,1,2016-10-09 02:40:00,10,4,13,4,9
2,"[2016-10-09 04:20:00,2016-10-09 04:40:00)",0,0,1,1,1,1,1,1,1,1,1,1,1,2016-10-09 03:00:00,10,4,13,4,9
2,"[2016-10-09 04:20:00,2016-10-09 04:40:00)",0,0,1,1,1,1,1,1,1,1,1,1,1,2016-10-09 03:20:00,10,4,13,4,9
2,"[2016-10-09 04:20:00,2016-10-09 04:40:00)",0,0,1,1,1,1,1,1,1,1,1,1,1,2016-10-09 03:40:00,10,4,13,4,9
2,"[2016-10-09 04:20:00,2016-10-09 04:40:00)",0,0,1,1,1,1,1,1,1,1,1,1,1,2016-10-09 04:00:00,10,4,13,4,9
2,"[2016-10-10 01:40:00,2016-10-10 02:00:00)",0,0,1,1,1,1,1,1,1,1,1,1,1,2016-10-10 00:40:00,10,0,5,1,10
2,"[2016-10-10 01:40:00,2016-10-10 02:00:00)",0,0,1,1,1,1,1,1,1,1,1,1,1,2016-10-10 01:00:00,10,0,5,1,10
2,"[2016-10-10 01:40:00,2016-10-10 02:00:00)",0,0,1,1,1,1,1,1,1,1,1,1,1,2016-10-10 01:20:00,10,0,5,1,10
2,"[2016-10-10 05:00:00,2016-10-10 05:20:00)",0,0,1,1,1,1,1,1,1,1,1,1,1,2016-10-10 02:00:00,10,0,15,5,10
2,"[2016-10-10 05:00:00,2016-10-10 05:20:00)",0,0,1,1,1,1,1,1,1,1,1,1,1,2016-10-10 02:20:00,10,0,15,5,10
2,"[2016-10-10 05:00:00,2016-10-10 05:20:00)",0,0,1,1,1,1,1,1,1,1,1,1,1,2016-10-10 02:40:00,10,0,15,5,10
2,"[2016-10-10 05:00:00,2016-10-10 05:20:00)",0,0,1,1,1,1,1,1,1,1,1,1,1,2016-10-10 03:00:00,10,0,15,5,10
2,"[2016-10-10 05:00:00,2016-10-10 05:20:00)",0,0,1,1,1,1,1,1,1,1,1,1,1,2016-10-10 03:20:00,10,0,15,5,10
2,"[2016-10-10 05:00:00,2016-10-10 05:20:00)",0,0,1,1,1,1,1,1,1,1,1,1,1,2016-10-10 03:40:00,10,0,15,5,10
2,"[2016-10-10 05:00:00,2016-10-10 05:20:00)",0,0,1,1,1,1,1,1,1,1,1,1,1,2016-10-10 04:00:00,10,0,15,5,10
2,"[2016-10-10 05:00:00,2016-10-10 05:20:00)",0,0,1,1,1,1,1,1,1,1,1,1,1,2016-10-10 04:20:00,10,0,15,5,10
2,"[2016-10-10 05:00:00,2016-10-10 05:20:00)",0,0,1,1,1,1,1,1,1,1,1,1,1,2016-10-10 04:40:00,10,0,15,5,10
2,"[2016-10-10 23:20:00,2016-10-10 23:40:00)",0,0,1,1,1,1,1,1,1,1,1,1,1,2016-10-10 23:00:00,10,0,70,23,10
2,"[2016-10-11 05:00:00,2016-10-11 05:20:00)",0,0,1,1,1,1,1,1,1,1,1,1,1,2016-10-11 01:00:00,10,1,15,5,11
2,"[2016-10-11 05:00:00,2016-10-11 05:20:00)",0,0,1,1,1,1,1,1,1,1,1,1,1,2016-10-11 01:20:00,10,1,15,5,11
2,"[2016-10-11 05:00:00,2016-10-11 05:20:00)",0,0,1,1,1,1,1,1,1,1,1,1,1,2016-10-11 01:40:00,10,1,15,5,11
2,"[2016-10-11 05:00:00,2016-10-11 05:20:00)",0,0,1,1,1,1,1,1,1,1,1,1,1,2016-10-11 02:00:00,10,1,15,5,11
2,"[2016-10-11 05:00:00,2016-10-11 05:20:00)",0,0,1,1,1,1,1,1,1,1,1,1,1,2016-10-11 02:20:00,10,1,15,5,11
2,"[2016-10-11 05:00:00,2016-10-11 05:20:00)",0,0,1,1,1,1,1,1,1,1,1,1,1,2016-10-11 02:40:00,10,1,15,5,11
2,"[2016-10-11 05:00:00,2016-10-11 05:20:00)",0,0,1,1,1,1,1,1,1,1,1,1,1,2016-10-11 03:00:00,10,1,15,5,11
2,"[2016-10-11 05:00:00,2016-10-11 05:20:00)",0,0,1,1,1,1,1,1,1,1,1,1,1,2016-10-11 03:20:00,10,1,15,5,11
2,"[2016-10-11 05:00:00,2016-10-11 05:20:00)",0,0,1,1,1,1,1,1,1,1,1,1,1,2016-10-11 03:40:00,10,1,15,5,11
2,"[2016-10-11 05:00:00,2016-10-11 05:20:00)",0,0,1,1,1,1,1,1,1,1,1,1,1,2016-10-11 04:00:00,10,1,15,5,11
2,"[2016-10-11 05:00:00,2016-10-11 05:20:00)",0,0,1,1,1,1,1,1,1,1,1,1,1,2016-10-11 04:20:00,10,1,15,5,11
2,"[2016-10-11 05:00:00,2016-10-11 05:20:00)",0,0,1,1,1,1,1,1,1,1,1,1,1,2016-10-11 04:40:00,10,1,15,5,11
2,"[2016-10-12 05:00:00,2016-10-12 05:20:00)",0,0,1,1,1,1,1,1,1,1,1,1,1,2016-10-12 01:00:00,10,2,15,5,12
2,"[2016-10-12 05:00:00,2016-10-12 05:20:00)",0,0,1,1,1,1,1,1,1,1,1,1,1,2016-10-12 01:20:00,10,2,15,5,12
2,"[2016-10-12 05:00:00,2016-10-12 05:20:00)",0,0,1,1,1,1,1,1,1,1,1,1,1,2016-10-12 01:40:00,10,2,15,5,12
2,"[2016-10-12 05:00:00,2016-10-12 05:20:00)",0,0,1,1,1,1,1,1,1,1,1,1,1,2016-10-12 02:00:00,10,2,15,5,12
2,"[2016-10-12 05:00:00,2016-10-12 05:20:00)",0,0,1,1,1,1,1,1,1,1,1,1,1,2016-10-12 02:20:00,10,2,15,5,12
2,"[2016-10-12 05:00:00,2016-10-12 05:20:00)",0,0,1,1,1,1,1,1,1,1,1,1,1,2016-10-12 02:40:00,10,2,15,5,12
2,"[2016-10-12 05:00:00,2016-10-12 05:20:00)",0,0,1,1,1,1,1,1,1,1,1,1,1,2016-10-12 03:00:00,10,2,15,5,12
2,"[2016-10-12 05:00:00,2016-10-12 05:20:00)",0,0,1,1,1,1,1,1,1,1,1,1,1,2016-10-12 03:20:00,10,2,15,5,12
2,"[2016-10-12 05:00:00,2016-10-12 05:20:00)",0,0,1,1,1,1,1,1,1,1,1,1,1,2016-10-12 03:40:00,10,2,15,5,12
2,"[2016-10-12 05:00:00,2016-10-12 05:20:00)",0,0,1,1,1,1,1,1,1,1,1,1,1,2016-10-12 04:00:00,10,2,15,5,12
2,"[2016-10-12 05:00:00,2016-10-12 05:20:00)",0,0,1,1,1,1,1,1,1,1,1,1,1,2016-10-12 04:20:00,10,2,15,5,12
2,"[2016-10-12 05:00:00,2016-10-12 05:20:00)",0,0,1,1,1,1,1,1,1,1,1,1,1,2016-10-12 04:40:00,10,2,15,5,12
2,"[2016-10-13 01:20:00,2016-10-13 01:40:00)",0,0,1,1,1,1,1,1,1,1,1,1,1,2016-10-13 00:40:00,10,3,4,1,13
2,"[2016-10-13 01:20:00,2016-10-13 01:40:00)",0,0,1,1,1,1,1,1,1,1,1,1,1,2016-10-13 01:00:00,10,3,4,1,13
2,"[2016-10-13 03:00:00,2016-10-13 03:20:00)",0,0,1,1,1,1,1,1,1,1,1,1,1,2016-10-13 02:00:00,10,3,9,3,13
2,"[2016-10-13 03:00:00,2016-10-13 03:20:00)",0,0,1,1,1,1,1,1,1,1,1,1,1,2016-10-13 02:20:00,10,3,9,3,13
2,"[2016-10-13 03:00:00,2016-10-13 03:20:00)",0,0,1,1,1,1,1,1,1,1,1,1,1,2016-10-13 02:40:00,10,3,9,3,13
2,"[2016-10-13 04:20:00,2016-10-13 04:40:00)",0,0,1,1,1,1,1,1,1,1,1,1,1,2016-10-13 03:20:00,10,3,13,4,13
2,"[2016-10-13 04:20:00,2016-10-13 04:40:00)",0,0,1,1,1,1,1,1,1,1,1,1,1,2016-10-13 03:40:00,10,3,13,4,13
2,"[2016-10-13 04:20:00,2016-10-13 04:40:00)",0,0,1,1,1,1,1,1,1,1,1,1,1,2016-10-13 04:00:00,10,3,13,4,13
2,"[2016-10-13 05:00:00,2016-10-13 05:20:00)",0,0,1,1,1,1,1,1,1,1,1,1,1,2016-10-13 04:40:00,10,3,15,5,13
2,"[2016-10-14 01:40:00,2016-10-14 02:00:00)",0,0,1,1,1,1,1,1,1,1,1,1,1,2016-10-14 01:00:00,10,4,5,1,14
2,"[2016-10-14 01:40:00,2016-10-14 02:00:00)",0,0,1,1,1,1,1,1,1,1,1,1,1,2016-10-14 01:20:00,10,4,5,1,14
2,"[2016-10-14 02:40:00,2016-10-14 03:00:00)",0,0,1,1,1,1,1,1,1,1,1,1,1,2016-10-14 02:00:00,10,4,8,2,14
2,"[2016-10-14 02:40:00,2016-10-14 03:00:00)",0,0,1,1,1,1,1,1,1,1,1,1,1,2016-10-14 02:20:00,10,4,8,2,14
2,"[2016-10-14 04:20:00,2016-10-14 04:40:00)",0,0,1,1,1,1,1,1,1,1,1,1,1,2016-10-14 03:40:00,10,4,13,4,14
2,"[2016-10-14 04:20:00,2016-10-14 04:40:00)",0,0,1,1,1,1,1,1,1,1,1,1,1,2016-10-14 04:00:00,10,4,13,4,14
2,"[2016-10-15 02:20:00,2016-10-15 02:40:00)",0,0,1,1,1,1,1,1,1,1,1,1,1,2016-10-15 02:00:00,10,5,7,2,15
2,"[2016-10-15 03:00:00,2016-10-15 03:20:00)",0,0,1,1,1,1,1,1,1,1,1,1,1,2016-10-15 02:40:00,10,5,9,3,15
2,"[2016-10-15 04:20:00,2016-10-15 04:40:00)",0,0,1,1,1,1,1,1,1,1,1,1,1,2016-10-15 03:20:00,10,5,13,4,15
2,"[2016-10-15 04:20:00,2016-10-15 04:40:00)",0,0,1,1,1,1,1,1,1,1,1,1,1,2016-10-15 03:40:00,10,5,13,4,15
2,"[2016-10-15 04:20:00,2016-10-15 04:40:00)",0,0,1,1,1,1,1,1,1,1,1,1,1,2016-10-15 04:00:00,10,5,13,4,15
2,"[2016-10-15 07:20:00,2016-10-15 07:40:00)",0,0,1,1,1,1,1,1,1,1,1,1,1,2016-10-15 06:40:00,10,5,22,7,15
2,"[2016-10-15 07:20:00,2016-10-15 07:40:00)",0,0,1,1,1,1,1,1,1,1,1,1,1,2016-10-15 07:00:00,10,5,22,7,15
2,"[2016-10-16 00:40:00,2016-10-16 01:00:00)",0,0,1,1,1,1,1,1,1,1,1,1,1,2016-10-16 00:20:00,10,6,2,0,16
2,"[2016-10-16 03:40:00,2016-10-16 04:00:00)",0,0,1,1,1,1,1,1,1,1,1,1,1,2016-10-16 01:40:00,10,6,11,3,16
2,"[2016-10-16 03:40:00,2016-10-16 04:00:00)",0,0,1,1,1,1,1,1,1,1,1,1,1,2016-10-16 02:00:00,10,6,11,3,16
2,"[2016-10-16 03:40:00,2016-10-16 04:00:00)",0,0,1,1,1,1,1,1,1,1,1,1,1,2016-10-16 02:20:00,10,6,11,3,16
2,"[2016-10-16 03:40:00,2016-10-16 04:00:00)",0,0,1,1,1,1,1,1,1,1,1,1,1,2016-10-16 02:40:00,10,6,11,3,16
2,"[2016-10-16 03:40:00,2016-10-16 04:00:00)",0,0,1,1,1,1,1,1,1,1,1,1,1,2016-10-16 03:00:00,10,6,11,3,16
2,"[2016-10-16 03:40:00,2016-10-16 04:00:00)",0,0,1,1,1,1,1,1,1,1,1,1,1,2016-10-16 03:20:00,10,6,11,3,16
2,"[2016-10-16 05:00:00,2016-10-16 05:20:00)",0,0,1,1,1,1,1,1,1,1,1,1,1,2016-10-16 04:00:00,10,6,15,5,16
2,"[2016-10-16 05:00:00,2016-10-16 05:20:00)",0,0,1,1,1,1,1,1,1,1,1,1,1,2016-10-16 04:20:00,10,6,15,5,16
2,"[2016-10-16 05:00:00,2016-10-16 05:20:00)",0,0,1,1,1,1,1,1,1,1,1,1,1,2016-10-16 04:40:00,10,6,15,5,16
2,"[2016-10-17 02:00:00,2016-10-17 02:20:00)",0,0,1,1,1,1,1,1,1,1,1,1,1,2016-10-17 01:40:00,10,0,6,2,17
2,"[2016-10-17 02:40:00,2016-10-17 03:00:00)",0,0,1,1,1,1,1,1,1,1,1,1,1,2016-10-17 02:20:00,10,0,8,2,17
2,"[2016-10-17 05:00:00,2016-10-17 05:20:00)",0,0,1,1,1,1,1,1,1,1,1,1,1,2016-10-17 03:00:00,10,0,15,5,17
2,"[2016-10-17 05:00:00,2016-10-17 05:20:00)",0,0,1,1,1,1,1,1,1,1,1,1,1,2016-10-17 03:20:00,10,0,15,5,17
2,"[2016-10-17 05:00:00,2016-10-17 05:20:00)",0,0,1,1,1,1,1,1,1,1,1,1,1,2016-10-17 03:40:00,10,0,15,5,17
2,"[2016-10-17 05:00:00,2016-10-17 05:20:00)",0,0,1,1,1,1,1,1,1,1,1,1,1,2016-10-17 04:00:00,10,0,15,5,17
2,"[2016-10-17 05:00:00,2016-10-17 05:20:00)",0,0,1,1,1,1,1,1,1,1,1,1,1,2016-10-17 04:20:00,10,0,15,5,17
2,"[2016-10-17 05:00:00,2016-10-17 05:20:00)",0,0,1,1,1,1,1,1,1,1,1,1,1,2016-10-17 04:40:00,10,0,15,5,17
2,"[2016-10-18 00:40:00,2016-10-18 01:00:00)",0,0,1,1,1,1,1,1,1,1,1,1,1,2016-10-18 00:00:00,10,1,2,0,18
2,"[2016-10-18 00:40:00,2016-10-18 01:00:00)",0,0,1,1,1,1,1,1,1,1,1,1,1,2016-10-18 00:20:00,10,1,2,0,18
2,"[2016-10-18 01:20:00,2016-10-18 01:40:00)",0,0,1,1,1,1,1,1,1,1,1,1,1,2016-10-18 01:00:00,10,1,4,1,18
2,"[2016-10-18 04:40:00,2016-10-18 05:00:00)",0,0,1,1,1,1,1,1,1,1,1,1,1,2016-10-18 01:40:00,10,1,14,4,18
2,"[2016-10-18 04:40:00,2016-10-18 05:00:00)",0,0,1,1,1,1,1,1,1,1,1,1,1,2016-10-18 02:00:00,10,1,14,4,18
2,"[2016-10-18 04:40:00,2016-10-18 05:00:00)",0,0,1,1,1,1,1,1,1,1,1,1,1,2016-10-18 02:20:00,10,1,14,4,18
2,"[2016-10-18 04:40:00,2016-10-18 05:00:00)",0,0,1,1,1,1,1,1,1,1,1,1,1,2016-10-18 02:40:00,10,1,14,4,18
2,"[2016-10-18 04:40:00,2016-10-18 05:00:00)",0,0,1,1,1,1,1,1,1,1,1,1,1,2016-10-18 03:00:00,10,1,14,4,18
2,"[2016-10-18 04:40:00,2016-10-18 05:00:00)",0,0,1,1,1,1,1,1,1,1,1,1,1,2016-10-18 03:20:00,10,1,14,4,18
2,"[2016-10-18 04:40:00,2016-10-18 05:00:00)",0,0,1,1,1,1,1,1,1,1,1,1,1,2016-10-18 03:40:00,10,1,14,4,18
2,"[2016-10-18 04:40:00,2016-10-18 05:00:00)",0,0,1,1,1,1,1,1,1,1,1,1,1,2016-10-18 04:00:00,10,1,14,4,18
2,"[2016-10-18 04:40:00,2016-10-18 05:00:00)",0,0,1,1,1,1,1,1,1,1,1,1,1,2016-10-18 04:20:00,10,1,14,4,18
2,"[2016-10-19 00:40:00,2016-10-19 01:00:00)",0,0,1,1,1,1,1,1,1,1,1,1,1,2016-10-19 00:20:00,10,2,2,0,19
2,"[2016-10-19 02:00:00,2016-10-19 02:20:00)",0,0,1,1,1,1,1,1,1,1,1,1,1,2016-10-19 01:00:00,10,2,6,2,19
2,"[2016-10-19 02:00:00,2016-10-19 02:20:00)",0,0,1,1,1,1,1,1,1,1,1,1,1,2016-10-19 01:20:00,10,2,6,2,19
2,"[2016-10-19 02:00:00,2016-10-19 02:20:00)",0,0,1,1,1,1,1,1,1,1,1,1,1,2016-10-19 01:40:00,10,2,6,2,19
2,"[2016-10-19 03:00:00,2016-10-19 03:20:00)",0,0,1,1,1,1,1,1,1,1,1,1,1,2016-10-19 02:20:00,10,2,9,3,19
2,"[2016-10-19 03:00:00,2016-10-19 03:20:00)",0,0,1,1,1,1,1,1,1,1,1,1,1,2016-10-19 02:40:00,10,2,9,3,19
2,"[2016-10-19 05:00:00,2016-10-19 05:20:00)",0,0,1,1,1,1,1,1,1,1,1,1,1,2016-10-19 03:20:00,10,2,15,5,19
2,"[2016-10-19 05:00:00,2016-10-19 05:20:00)",0,0,1,1,1,1,1,1,1,1,1,1,1,2016-10-19 03:40:00,10,2,15,5,19
2,"[2016-10-19 05:00:00,2016-10-19 05:20:00)",0,0,1,1,1,1,1,1,1,1,1,1,1,2016-10-19 04:00:00,10,2,15,5,19
2,"[2016-10-19 05:00:00,2016-10-19 05:20:00)",0,0,1,1,1,1,1,1,1,1,1,1,1,2016-10-19 04:20:00,10,2,15,5,19
2,"[2016-10-19 05:00:00,2016-10-19 05:20:00)",0,0,1,1,1,1,1,1,1,1,1,1,1,2016-10-19 04:40:00,10,2,15,5,19
2,"[2016-10-19 22:40:00,2016-10-19 23:00:00)",0,0,1,1,1,1,1,1,1,1,1,1,1,2016-10-19 21:40:00,10,2,68,22,19
2,"[2016-10-19 22:40:00,2016-10-19 23:00:00)",0,0,1,1,1,1,1,1,1,1,1,1,1,2016-10-19 22:00:00,10,2,68,22,19
2,"[2016-10-19 22:40:00,2016-10-19 23:00:00)",0,0,1,1,1,1,1,1,1,1,1,1,1,2016-10-19 22:20:00,10,2,68,22,19
2,"[2016-10-20 01:00:00,2016-10-20 01:20:00)",0,0,1,1,1,1,1,1,1,1,1,1,1,2016-10-20 00:00:00,10,3,3,1,20
2,"[2016-10-20 01:00:00,2016-10-20 01:20:00)",0,0,1,1,1,1,1,1,1,1,1,1,1,2016-10-20 00:20:00,10,3,3,1,20
2,"[2016-10-20 01:00:00,2016-10-20 01:20:00)",0,0,1,1,1,1,1,1,1,1,1,1,1,2016-10-20 00:40:00,10,3,3,1,20
2,"[2016-10-20 04:40:00,2016-10-20 05:00:00)",0,0,1,1,1,1,1,1,1,1,1,1,1,2016-10-20 01:40:00,10,3,14,4,20
2,"[2016-10-20 04:40:00,2016-10-20 05:00:00)",0,0,1,1,1,1,1,1,1,1,1,1,1,2016-10-20 02:00:00,10,3,14,4,20
2,"[2016-10-20 04:40:00,2016-10-20 05:00:00)",0,0,1,1,1,1,1,1,1,1,1,1,1,2016-10-20 02:20:00,10,3,14,4,20
2,"[2016-10-20 04:40:00,2016-10-20 05:00:00)",0,0,1,1,1,1,1,1,1,1,1,1,1,2016-10-20 02:40:00,10,3,14,4,20
2,"[2016-10-20 04:40:00,2016-10-20 05:00:00)",0,0,1,1,1,1,1,1,1,1,1,1,1,2016-10-20 03:00:00,10,3,14,4,20
2,"[2016-10-20 04:40:00,2016-10-20 05:00:00)",0,0,1,1,1,1,1,1,1,1,1,1,1,2016-10-20 03:20:00,10,3,14,4,20
2,"[2016-10-20 04:40:00,2016-10-20 05:00:00)",0,0,1,1,1,1,1,1,1,1,1,1,1,2016-10-20 03:40:00,10,3,14,4,20
2,"[2016-10-20 04:40:00,2016-10-20 05:00:00)",0,0,1,1,1,1,1,1,1,1,1,1,1,2016-10-20 04:00:00,10,3,14,4,20
2,"[2016-10-20 04:40:00,2016-10-20 05:00:00)",0,0,1,1,1,1,1,1,1,1,1,1,1,2016-10-20 04:20:00,10,3,14,4,20
2,"[2016-10-21 00:00:00,2016-10-21 00:20:00)",0,0,1,1,1,1,1,1,1,1,1,1,1,2016-10-20 23:40:00,10,4,0,0,21
2,"[2016-10-21 05:00:00,2016-10-21 05:20:00)",0,0,1,1,1,1,1,1,1,1,1,1,1,2016-10-21 03:00:00,10,4,15,5,21
2,"[2016-10-21 05:00:00,2016-10-21 05:20:00)",0,0,1,1,1,1,1,1,1,1,1,1,1,2016-10-21 03:20:00,10,4,15,5,21
2,"[2016-10-21 05:00:00,2016-10-21 05:20:00)",0,0,1,1,1,1,1,1,1,1,1,1,1,2016-10-21 03:40:00,10,4,15,5,21
2,"[2016-10-21 05:00:00,2016-10-21 05:20:00)",0,0,1,1,1,1,1,1,1,1,1,1,1,2016-10-21 04:00:00,10,4,15,5,21
2,"[2016-10-21 05:00:00,2016-10-21 05:20:00)",0,0,1,1,1,1,1,1,1,1,1,1,1,2016-10-21 04:20:00,10,4,15,5,21
2,"[2016-10-21 05:00:00,2016-10-21 05:20:00)",0,0,1,1,1,1,1,1,1,1,1,1,1,2016-10-21 04:40:00,10,4,15,5,21
2,"[2016-10-22 01:20:00,2016-10-22 01:40:00)",0,0,1,1,1,1,1,1,1,1,1,1,1,2016-10-22 01:00:00,10,5,4,1,22
2,"[2016-10-22 03:00:00,2016-10-22 03:20:00)",0,0,1,1,1,1,1,1,1,1,1,1,1,2016-10-22 02:20:00,10,5,9,3,22
2,"[2016-10-22 03:00:00,2016-10-22 03:20:00)",0,0,1,1,1,1,1,1,1,1,1,1,1,2016-10-22 02:40:00,10,5,9,3,22
2,"[2016-10-22 03:40:00,2016-10-22 04:00:00)",0,0,1,1,1,1,1,1,1,1,1,1,1,2016-10-22 03:20:00,10,5,11,3,22
2,"[2016-10-22 04:40:00,2016-10-22 05:00:00)",0,0,1,1,1,1,1,1,1,1,1,1,1,2016-10-22 04:00:00,10,5,14,4,22
2,"[2016-10-22 04:40:00,2016-10-22 05:00:00)",0,0,1,1,1,1,1,1,1,1,1,1,1,2016-10-22 04:20:00,10,5,14,4,22
2,"[2016-10-23 00:40:00,2016-10-23 01:00:00)",0,0,1,1,1,1,1,1,1,1,1,1,1,2016-10-23 00:20:00,10,6,2,0,23
2,"[2016-10-23 04:00:00,2016-10-23 04:20:00)",0,0,1,1,1,1,1,1,1,1,1,1,1,2016-10-23 01:00:00,10,6,12,4,23
2,"[2016-10-23 04:00:00,2016-10-23 04:20:00)",0,0,1,1,1,1,1,1,1,1,1,1,1,2016-10-23 01:20:00,10,6,12,4,23
2,"[2016-10-23 04:00:00,2016-10-23 04:20:00)",0,0,1,1,1,1,1,1,1,1,1,1,1,2016-10-23 01:40:00,10,6,12,4,23
2,"[2016-10-23 04:00:00,2016-10-23 04:20:00)",0,0,1,1,1,1,1,1,1,1,1,1,1,2016-10-23 02:00:00,10,6,12,4,23
2,"[2016-10-23 04:00:00,2016-10-23 04:20:00)",0,0,1,1,1,1,1,1,1,1,1,1,1,2016-10-23 02:20:00,10,6,12,4,23
2,"[2016-10-23 04:00:00,2016-10-23 04:20:00)",0,0,1,1,1,1,1,1,1,1,1,1,1,2016-10-23 02:40:00,10,6,12,4,23
2,"[2016-10-23 04:00:00,2016-10-23 04:20:00)",0,0,1,1,1,1,1,1,1,1,1,1,1,2016-10-23 03:00:00,10,6,12,4,23
2,"[2016-10-23 04:00:00,2016-10-23 04:20:00)",0,0,1,1,1,1,1,1,1,1,1,1,1,2016-10-23 03:20:00,10,6,12,4,23
2,"[2016-10-23 04:00:00,2016-10-23 04:20:00)",0,0,1,1,1,1,1,1,1,1,1,1,1,2016-10-23 03:40:00,10,6,12,4,23
2,"[2016-10-23 05:00:00,2016-10-23 05:20:00)",0,0,1,1,1,1,1,1,1,1,1,1,1,2016-10-23 04:20:00,10,6,15,5,23
2,"[2016-10-23 05:00:00,2016-10-23 05:20:00)",0,0,1,1,1,1,1,1,1,1,1,1,1,2016-10-23 04:40:00,10,6,15,5,23
2,"[2016-10-24 01:20:00,2016-10-24 01:40:00)",0,0,1,1,1,1,1,1,1,1,1,1,1,2016-10-24 00:40:00,10,0,4,1,24
2,"[2016-10-24 01:20:00,2016-10-24 01:40:00)",0,0,1,1,1,1,1,1,1,1,1,1,1,2016-10-24 01:00:00,10,0,4,1,24
2,"[2016-10-24 04:40:00,2016-10-24 05:00:00)",0,0,1,1,1,1,1,1,1,1,1,1,1,2016-10-24 01:40:00,10,0,14,4,24
2,"[2016-10-24 04:40:00,2016-10-24 05:00:00)",0,0,1,1,1,1,1,1,1,1,1,1,1,2016-10-24 02:00:00,10,0,14,4,24
2,"[2016-10-24 04:40:00,2016-10-24 05:00:00)",0,0,1,1,1,1,1,1,1,1,1,1,1,2016-10-24 02:20:00,10,0,14,4,24
2,"[2016-10-24 04:40:00,2016-10-24 05:00:00)",0,0,1,1,1,1,1,1,1,1,1,1,1,2016-10-24 02:40:00,10,0,14,4,24
2,"[2016-10-24 04:40:00,2016-10-24 05:00:00)",0,0,1,1,1,1,1,1,1,1,1,1,1,2016-10-24 03:00:00,10,0,14,4,24
2,"[2016-10-24 04:40:00,2016-10-24 05:00:00)",0,0,1,1,1,1,1,1,1,1,1,1,1,2016-10-24 03:20:00,10,0,14,4,24
2,"[2016-10-24 04:40:00,2016-10-24 05:00:00)",0,0,1,1,1,1,1,1,1,1,1,1,1,2016-10-24 03:40:00,10,0,14,4,24
2,"[2016-10-24 04:40:00,2016-10-24 05:00:00)",0,0,1,1,1,1,1,1,1,1,1,1,1,2016-10-24 04:00:00,10,0,14,4,24
2,"[2016-10-24 04:40:00,2016-10-24 05:00:00)",0,0,1,1,1,1,1,1,1,1,1,1,1,2016-10-24 04:20:00,10,0,14,4,24
3,"[2016-10-02 00:00:00,2016-10-02 00:20:00)",0,0,1,1,1,1,1,1,1,1,1,1,1,2016-10-01 23:40:00,10,6,0,0,2
3,"[2016-10-09 00:00:00,2016-10-09 00:20:00)",0,0,1,1,1,1,1,1,1,1,1,1,1,2016-10-08 23:40:00,10,4,0,0,9
3,"[2016-09-19 03:00:00,2016-09-19 03:20:00)",1,0,1,1,1,1,1,1,1,1,1,1,1,2016-09-19 02:40:00,9,0,9,3,19
3,"[2016-10-04 00:00:00,2016-10-04 00:20:00)",1,0,1,1,1,1,1,1,1,1,1,1,1,2016-10-03 23:40:00,10,1,0,0,4
3,"[2016-10-04 01:40:00,2016-10-04 02:00:00)",1,0,1,1,1,1,1,1,1,1,1,1,1,2016-10-04 01:20:00,10,1,5,1,4
3,"[2016-10-24 03:40:00,2016-10-24 04:00:00)",1,0,1,1,1,1,1,1,1,1,1,1,1,2016-10-24 03:20:00,10,0,11,3,24
